{
  "prev_weights": [
    0.2672054105653458,
    0.25722116875941586,
    0.2659388632576761,
    0.25272233752052237,
    0.2023817459383511
  ],
  "pending_cost": 9.02607144418291e-05,
  "equity": 1.044878087388079,
  "last_decision_date": "2026-07-23"
}