{
  "prev_weights": [
    0.2472102127692961,
    0.24712929293752697,
    0.24722334304545399,
    0.24706449098937253,
    0.24648094430374154
  ],
  "pending_cost": 1.427284851809954e-05,
  "equity": 1.0386883071733313,
  "last_decision_date": "2026-07-17"
}