{
  "prev_weights": [
    0.25265897594513764,
    0.2526589759451376,
    0.2526589759451377,
    0.25265897594513764,
    0.25265897594513737
  ],
  "pending_cost": 2.001236975927384e-05,
  "equity": 0.9969941467780343,
  "last_decision_date": "2026-07-06"
}