{
  "prev_weights": [
    0.26042460397313516,
    0.26042460397313516,
    0.26042460397313516,
    0.26042460397313516,
    0.26042460397313516
  ],
  "pending_cost": 3.8828140139987866e-05,
  "equity": 1.015883874211324,
  "last_decision_date": "2026-07-07"
}