{
  "prev_weights": [
    0.2524867607885459,
    0.25248676078788845,
    0.2524867607889397,
    0.25248676078763616,
    0.252486760782277
  ],
  "pending_cost": 6.127754518177598e-07,
  "equity": 1.0211301228834828,
  "last_decision_date": "2026-07-13"
}