{
  "prev_weights": [
    0.25465355201859935,
    0.25465355201859935,
    0.25465355201859935,
    0.25465355201859935,
    0.25465355201859935
  ],
  "pending_cost": 8.853258171125645e-06,
  "equity": 1.003506819644206,
  "last_decision_date": "2026-07-09"
}