{
  "prev_weights": [
    0.2497042312218666,
    0.24970423121790153,
    0.2497042312225101,
    0.24970423121472585,
    0.2497042311861311
  ],
  "pending_cost": 1.558116960204331e-06,
  "equity": 1.022970469341337,
  "last_decision_date": "2026-07-15"
}