{
  "prev_weights": [
    0.2498762265194585,
    0.2498762265165574,
    0.24987622651992927,
    0.24987622651423377,
    0.24987622649331173
  ],
  "pending_cost": 8.599765003554916e-07,
  "equity": 1.0357821747000802,
  "last_decision_date": "2026-07-16"
}