{
  "prev_weights": [
    0.2528829003843742,
    0.2528829003843742,
    0.2528829003843742,
    0.2528829003843742,
    0.2528829003843742
  ],
  "pending_cost": 3.77085179438047e-05,
  "equity": 1.0103151293944626,
  "last_decision_date": "2026-07-08"
}