{
  "prev_weights": [
    0.24908273122399363,
    0.2482661325101607,
    0.2489791590778188,
    0.2478981902919887,
    0.24378089338118192
  ],
  "pending_cost": 9.840250691217635e-06,
  "equity": 1.0415003324295573,
  "last_decision_date": "2026-07-22"
}