{
  "prev_weights": [
    0.24849120933508673,
    0.24849113792095132,
    0.24849120823687715,
    0.24849108849057608,
    0.24849066849963922
  ],
  "pending_cost": 7.34702843773935e-06,
  "equity": 1.024367522218202,
  "last_decision_date": "2026-07-20"
}