{
  "prev_weights": [
    0.24665503714338732,
    0.24652350772926238,
    0.24665301475045928,
    0.2464324768591581,
    0.24565896745070478
  ],
  "pending_cost": 1.0532308550158632e-05,
  "equity": 1.033506296760549,
  "last_decision_date": "2026-07-21"
}