{
  "prev_weights": [
    0.2526093158779572,
    0.2526093158777204,
    0.25260931587809904,
    0.25260931587762947,
    0.2526093158756989
  ],
  "pending_cost": 1.022118070589173e-05,
  "equity": 1.0079301285591469,
  "last_decision_date": "2026-07-10"
}