{
  "prev_weights": [
    0.25666144989699236,
    0.25666144989699236,
    0.25666144989699236,
    0.25666144989699236,
    0.25666144989699236
  ],
  "pending_cost": 0.0012833072494849618,
  "equity": 1.0,
  "last_decision_date": "2026-07-02"
}